carat,clarity,color,cut,price
0.24,VVS2,G,Very Good,379
0.4,VS2,H,Very Good,605
3.35,IF,F,Good,56151
0.61,VS2,G,Ideal,1947
0.4,VVS1,J,Ideal,684
0.5,VS1,E,Very Good,1553
1.76,VS1,D,Ideal,24451
1.02,SI1,J,Very Good,3958
0.7,SI1,F,Very Good,2091
1.01,VS1,H,Very Good,6079
0.3,VS2,J,Ideal,369
0.3,SI1,G,Very Good,505
0.5,VVS1,D,Very Good,1695
0.3,SI1,F,Ideal,563
5.77,VVS1,F,Very Good,227960
0.4,VVS2,F,Ideal,859
0.5,VVS2,I,Ideal,1315
0.32,VS1,H,Ideal,671
0.3,VS1,I,Ideal,583
0.51,VVS2,G,Very Good,1370
0.31,SI1,I,Ideal,427
0.7,VS2,D,Very Good,2162
1.51,VVS1,E,Ideal,16977
0.8,SI1,D,Ideal,3312
0.5,VVS2,H,Ideal,1590
0.5,SI2,D,Very Good,861
0.4,VS2,J,Very Good,597
0.35,VVS2,D,Ideal,860
1.03,SI1,G,Ideal,6229
0.3,SI2,H,Ideal,408
0.31,VVS1,H,Ideal,676
0.51,VS2,I,Ideal,1247
1.7,VS1,H,Ideal,13537
0.24,VVS1,E,Ideal,577
0.32,SI1,I,Ideal,441
0.33,VS2,I,Ideal,509
0.27,VVS2,E,Ideal,670
1.53,SI1,G,Ideal,11150
0.41,SI1,I,Ideal,700
0.7,VS2,E,Very Good,3193
0.6,VS2,H,Ideal,2212
0.4,VVS2,G,Ideal,866
0.5,IF,F,Very Good,1427
0.5,VS1,G,Ideal,1499
1.2,VVS2,J,Ideal,5391
0.51,VS2,E,Ideal,1470
0.23,SI1,D,Ideal,381
2.51,SI1,J,Very Good,14513
0.75,SI1,E,Very Good,2383
1.06,SI2,D,Very Good,3244
1,VS1,G,Good,4865
0.5,VS1,D,Very Good,1534
0.5,VS1,G,Very Good,1081
0.36,VS1,I,Ideal,562
0.3,VS2,F,Very Good,428
0.35,VS2,G,Ideal,537
0.5,SI2,I,Very Good,894
6,VVS1,G,Good,165766
0.55,VS1,H,Ideal,1601
0.47,VS2,G,Ideal,961
0.3,SI2,D,Ideal,399
0.5,VVS1,I,Ideal,1450
0.26,VS2,D,Ideal,557
1.4,IF,D,Ideal,22412
2.17,VS2,F,Very Good,22728
0.36,SI2,E,Ideal,682
0.31,SI2,I,Very Good,404
1,SI2,F,Very Good,3079
0.36,IF,F,Ideal,950
0.51,SI2,H,Ideal,1139
0.32,VVS1,E,Very Good,760
0.3,SI1,H,Very Good,412
0.54,VVS2,G,Very Good,2035
1.03,VS1,F,Ideal,8096
1.01,SI1,G,Very Good,3878
2.5,VS1,F,Very Good,27944
0.5,SI2,H,Ideal,1160
0.5,SI1,D,Ideal,1457
3.08,SI1,I,Very Good,21412
0.44,SI1,J,Ideal,576
0.57,VS1,H,Ideal,1695
0.56,VS1,I,Good,1098
0.9,VS1,D,Ideal,6634
1.01,VS2,G,Very Good,4992
0.96,VVS1,D,Ideal,8412
0.5,SI1,D,Ideal,1428
0.6,SI1,E,Ideal,1746
1.17,VS1,G,Ideal,9094
0.81,VS2,F,Astor Ideal,4985
0.35,VS2,F,Ideal,648
0.78,VS2,D,Astor Ideal,3114
0.5,VS2,H,Very Good,1223
0.63,SI1,E,Very Good,1397
1.02,VS1,F,Ideal,7343
1.01,VVS2,H,Very Good,4019
0.4,VS1,G,Very Good,773
0.3,VVS2,E,Ideal,794
0.3,VVS2,G,Very Good,506
0.5,VVS2,I,Good,1098
0.54,VVS2,G,Ideal,1959
0.9,SI2,E,Very Good,2943
0.5,VS2,F,Ideal,1512
0.5,VVS1,F,Ideal,1742
0.5,SI1,G,Ideal,1335
0.5,VS2,E,Ideal,1602
0.3,SI2,F,Ideal,427
0.5,VS1,G,Very Good,1383
0.54,VVS2,G,Ideal,1654
0.55,VS2,E,Ideal,1625
1.53,SI1,F,Ideal,14589
0.24,IF,F,Ideal,538
1.08,VVS2,E,Astor Ideal,7305
0.6,SI1,I,Ideal,1721
0.34,VS2,G,Ideal,616
2.52,VS2,D,Ideal,32095
0.3,VS1,I,Ideal,493
0.41,VVS1,I,Ideal,818
0.3,VS1,I,Very Good,465
1.01,VS2,D,Ideal,8063
0.5,VS2,F,Ideal,1393
0.28,SI2,F,Very Good,368
2.02,SI1,H,Very Good,12917
0.51,SI1,F,Ideal,1168
0.3,SI1,F,Ideal,472
0.7,VVS2,G,Ideal,2846
0.32,VS2,I,Ideal,528
0.51,VS1,I,Very Good,1243
2.12,VVS1,H,Ideal,25995
3.03,VVS2,D,Ideal,108560
0.53,IF,D,Very Good,1642
0.25,IF,E,Ideal,661
0.91,SI2,I,Ideal,2978
0.94,VVS2,J,Very Good,2818
0.52,VS2,D,Very Good,994
0.8,SI2,F,Ideal,2549
1.21,VVS2,D,Good,5284
0.32,SI2,D,Ideal,483
0.44,VS1,E,Ideal,1037
0.3,VS1,E,Very Good,466
0.5,SI1,F,Ideal,1444
0.71,SI2,I,Astor Ideal,1455
0.4,VS2,G,Very Good,867
0.3,VS1,F,Ideal,556
1.02,SI1,E,Very Good,4855
0.3,IF,G,Very Good,563
0.5,SI1,E,Ideal,1360
0.45,VVS1,D,Ideal,1169
1.92,SI1,I,Ideal,14802
0.51,SI2,J,Ideal,977
0.5,VS2,E,Very Good,1069
1,SI1,G,Ideal,5894
0.31,SI1,G,Ideal,478
0.7,VS2,D,Good,2235
1.2,VS1,D,Very Good,12046
0.35,VS2,E,Ideal,589
0.5,SI2,H,Very Good,974
0.3,VS1,F,Ideal,538
0.6,SI2,I,Ideal,1212
0.7,SI2,F,Very Good,1755
0.3,VS1,H,Very Good,545
0.31,VVS1,I,Ideal,611
0.51,VS1,G,Very Good,1404
0.35,VS2,H,Ideal,547
0.4,VVS2,H,Very Good,604
1.01,VS2,E,Very Good,6466
0.3,SI2,F,Ideal,400
0.45,SI2,G,Ideal,734
0.5,VVS2,E,Ideal,1848
1.4,VS2,G,Ideal,10582
0.9,VS2,E,Very Good,4485
0.61,VVS1,D,Ideal,3767
0.46,SI2,E,Ideal,957
0.5,SI1,D,Ideal,1308
0.57,VS2,H,Ideal,1629
4.01,VS2,E,Very Good,78934
1,VVS2,D,Good,4683
0.34,SI1,E,Ideal,629
0.5,VS2,F,Ideal,1439
0.7,VVS2,I,Very Good,2322
0.4,VVS2,D,Ideal,1005
0.3,SI2,G,Ideal,442
2.01,VVS1,D,Very Good,27472
0.51,SI2,F,Ideal,1181
0.55,VVS2,G,Ideal,1619
0.52,SI2,H,Ideal,1138
0.55,VS1,D,Ideal,2026
0.25,VVS2,E,Ideal,560
0.75,SI1,J,Ideal,1894
0.32,VS2,G,Ideal,527
0.8,VS1,E,Ideal,3914
0.4,SI1,E,Ideal,783
0.4,SI1,G,Ideal,671
0.55,VS2,D,Ideal,1563
0.46,SI2,D,Good,878
0.88,IF,E,Ideal,7582
0.36,SI1,I,Ideal,537
1,SI2,J,Ideal,3991
0.7,VS2,E,Very Good,3014
0.9,SI1,E,Very Good,3254
1.01,VVS1,D,Very Good,5345
0.43,VS1,E,Very Good,991
0.4,SI1,D,Ideal,847
0.7,VS1,E,Ideal,3011
2.2,VS1,D,Very Good,25863
0.7,SI2,D,Good,1504
1.01,SI2,H,Ideal,4625
0.3,VS2,E,Ideal,501
0.53,VVS1,E,Ideal,2151
0.5,SI1,D,Good,1389
0.4,VS1,H,Very Good,702
0.73,SI1,G,Very Good,1688
0.99,SI1,G,Very Good,4491
0.3,IF,F,Ideal,635
1,SI1,I,Ideal,5074
2.2,VS2,F,Very Good,22322
0.3,SI1,G,Ideal,547
0.5,VS2,I,Ideal,1307
0.5,VVS2,D,Very Good,1337
0.35,VS2,D,Ideal,711
0.71,VS1,J,Good,1634
1.01,SI1,D,Ideal,6058
1,SI1,G,Ideal,6323
0.71,VVS2,I,Very Good,2484
0.4,VS1,G,Very Good,767
0.35,VVS1,F,Ideal,910
1.23,VVS2,J,Ideal,6373
0.75,VS2,G,Very Good,2475
0.4,SI1,H,Ideal,765
1.33,VS1,E,Ideal,12074
1.06,SI2,H,Ideal,4718
1,SI1,I,Very Good,4113
0.38,VS2,D,Ideal,740
0.7,VS2,E,Ideal,2940
1.01,VS2,I,Ideal,5773
0.3,VS2,D,Ideal,531
0.91,SI1,I,Ideal,3661
0.32,VS2,J,Ideal,440
1.06,VS1,F,Very Good,5753
0.32,VS2,D,Ideal,641
0.5,SI2,H,Ideal,1072
0.3,VVS2,G,Ideal,555
1.5,SI2,H,Ideal,8563
0.5,SI1,I,Very Good,1189
0.54,SI2,I,Ideal,1061
0.71,VVS2,G,Very Good,2580
1.23,VS2,F,Ideal,11710
0.5,SI1,D,Ideal,1782
0.5,SI1,I,Ideal,1089
0.4,VS2,I,Very Good,411
0.5,VS1,D,Very Good,1972
0.43,SI2,I,Ideal,642
0.36,VS2,G,Very Good,659
0.56,VVS2,F,Ideal,1845
0.5,VS2,E,Good,991
0.37,SI2,F,Very Good,515
0.7,VVS1,F,Ideal,3282
0.5,VS1,I,Ideal,1287
0.34,IF,F,Ideal,1037
0.35,SI1,D,Ideal,614
0.23,VVS1,D,Ideal,615
0.3,VS2,E,Ideal,533
0.3,VS1,I,Very Good,419
0.51,VS2,I,Ideal,1334
0.3,SI1,I,Ideal,415
0.7,VS2,F,Ideal,2793
0.3,VS1,F,Ideal,577
1.01,SI2,E,Very Good,2681
1.2,VS2,J,Ideal,5514
0.8,VVS2,H,Ideal,3418
0.5,SI2,D,Very Good,1131
0.3,VVS1,E,Ideal,578
0.53,VVS1,F,Very Good,2056
0.6,SI1,G,Very Good,1452
0.4,VS1,E,Ideal,932
0.36,VVS2,D,Ideal,809
0.5,SI2,G,Very Good,1077
2.02,SI1,G,Ideal,18546
0.51,SI1,G,Good,889
6.01,SI1,H,Very Good,134856
0.5,VS1,G,Very Good,1445
0.5,VS1,D,Very Good,1664
0.5,VS2,F,Good,922
0.4,VS1,H,Ideal,808
0.52,IF,F,Very Good,1589
0.3,VS2,H,Very Good,464
0.62,VVS1,D,Very Good,3002
1.01,VVS2,E,Very Good,6987
0.56,VS1,I,Ideal,1515
1,VS2,E,Very Good,6073
0.3,VVS1,D,Ideal,679
0.53,VS2,E,Ideal,1621
0.62,VS1,D,Ideal,1951
0.7,VS1,D,Ideal,2755
0.4,SI1,J,Very Good,591
1,VS1,E,Very Good,5237
2,VVS1,G,Ideal,27982
0.61,SI2,F,Ideal,1420
0.3,IF,D,Ideal,872
0.36,VS2,G,Ideal,608
0.51,SI1,E,Ideal,1481
0.4,VS1,H,Ideal,935
0.35,SI1,D,Ideal,612
0.41,VS1,G,Ideal,900
0.64,VVS2,D,Very Good,1340
0.3,VS1,E,Ideal,587
0.56,VVS2,E,Ideal,1987
1,VVS1,I,Ideal,5455
3.01,VVS2,H,Very Good,40514
0.53,VVS2,G,Ideal,1587
1.01,SI1,F,Good,4300
0.54,SI1,E,Very Good,1541
0.3,SI2,G,Ideal,408
0.5,VS1,J,Good,1077
0.5,VS2,H,Ideal,1284
0.73,VS1,D,Ideal,3499
2.1,VS2,E,Ideal,27997
0.57,SI1,G,Ideal,1474
0.7,SI2,D,Very Good,2124
0.5,VS2,F,Good,1294
1.3,VS2,G,Ideal,9430
1.7,VS1,F,Ideal,14391
0.9,SI1,I,Very Good,2298
1.01,SI1,H,Ideal,5349
0.31,VVS1,D,Very Good,670
0.31,VVS1,G,Ideal,579
1.01,VS1,D,Very Good,8287
0.7,VS1,G,Ideal,2956
0.63,IF,G,Ideal,2225
0.5,VVS2,I,Ideal,1398
1.71,VS2,F,Ideal,15411
0.5,VS2,D,Ideal,1464
0.3,VS1,E,Ideal,527
1.05,SI1,F,Astor Ideal,7312
0.41,VS2,F,Ideal,844
0.39,VS2,D,Good,808
0.7,SI2,D,Good,1854
0.73,IF,H,Ideal,3015
0.3,VVS2,H,Ideal,652
7.09,VS2,E,Ideal,345397
1.38,SI1,H,Ideal,7668
0.33,SI2,H,Ideal,454
0.7,VVS2,H,Ideal,2538
0.3,VS1,I,Ideal,539
4.26,VS1,E,Ideal,139727
0.4,VS1,H,Ideal,889
0.6,VVS1,G,Very Good,1752
0.82,VS2,E,Very Good,3298
0.3,SI2,F,Ideal,394
0.9,VVS2,J,Very Good,2978
1.1,SI1,G,Ideal,7377
0.33,VS2,H,Ideal,621
0.3,SI1,E,Very Good,428
1.2,VVS1,F,Ideal,10368
0.6,VVS1,G,Very Good,1962
1.4,VS2,F,Ideal,11520
0.48,VS1,D,Ideal,1523
0.43,SI1,J,Ideal,666
0.7,SI2,I,Very Good,1604
0.42,SI2,I,Ideal,623
0.52,SI1,D,Very Good,1357
0.37,VS1,E,Ideal,705
0.47,IF,J,Ideal,1012
0.54,VS1,I,Ideal,1300
2.26,IF,D,Ideal,68173
1.01,VS1,F,Very Good,5749
1.21,VS1,J,Astor Ideal,5154
0.4,VS1,F,Ideal,880
3.01,SI1,H,Good,33116
1,SI1,H,Very Good,5344
0.4,VVS2,G,Very Good,856
1.43,VS1,G,Ideal,12246
0.4,SI2,G,Very Good,697
0.6,VS2,J,Very Good,1293
0.41,VS1,F,Very Good,901
0.53,VVS1,H,Ideal,1520
0.43,VS1,E,Ideal,886
1.3,VVS1,E,Ideal,11366
0.55,VVS1,G,Very Good,1411
0.3,SI2,E,Ideal,390
2.18,VS2,J,Ideal,14868
2.04,VS1,F,Very Good,21395
0.29,VVS1,D,Ideal,739
0.5,SI1,H,Good,1127
5.22,FL,D,Very Good,355403
0.4,VS1,D,Very Good,901
0.53,VS1,D,Ideal,1669
0.41,VVS1,H,Ideal,898
1,VS1,F,Ideal,7046
5.09,SI1,I,Ideal,69144
1.75,SI1,H,Ideal,13006
4.06,VS2,J,Ideal,40184
0.5,VVS1,J,Very Good,1216
1.31,VVS2,G,Ideal,12297
0.5,SI2,G,Ideal,1008
0.25,VS2,F,Ideal,515
0.32,SI1,E,Ideal,546
0.7,VVS1,J,Ideal,2117
0.42,SI2,J,Ideal,542
0.5,VVS2,D,Ideal,2104
2.02,VS1,D,Astor Ideal,46893
1.01,SI1,E,Ideal,6097
0.36,IF,I,Ideal,715
1,SI2,J,Very Good,3222
0.3,VS2,E,Ideal,552
0.8,SI1,J,Very Good,1653
0.3,SI2,G,Very Good,463
0.5,VVS2,I,Very Good,1284
0.4,VVS2,I,Ideal,812
2.01,VS2,E,Very Good,19472
0.79,SI1,D,Good,2717
0.72,SI1,F,Good,1702
0.91,VVS1,D,Very Good,5380
0.9,VVS2,D,Ideal,6505
1.54,VVS2,F,Ideal,14473
0.45,VVS1,J,Very Good,862
1,SI1,G,Ideal,5885
1,SI2,F,Ideal,4362
0.7,VVS1,I,Very Good,2144
0.56,VS1,F,Ideal,1727
0.33,VVS1,G,Ideal,613
0.56,VS1,H,Ideal,1520
0.3,SI1,H,Ideal,496
1.4,SI2,E,Ideal,8161
0.5,SI1,F,Very Good,1168
0.8,VVS1,J,Ideal,2365
0.3,SI2,H,Very Good,326
0.33,SI1,F,Ideal,577
0.9,VS1,H,Ideal,5259
0.5,SI1,I,Good,1067
2.03,VVS2,E,Ideal,44964
0.4,VVS2,H,Ideal,896
0.23,IF,G,Ideal,475
0.58,SI2,F,Ideal,1292
1.02,VVS1,D,Ideal,9689
0.25,VVS2,D,Ideal,644
1,VS1,E,Ideal,6965
0.3,VVS2,D,Ideal,643
0.51,VS1,D,Very Good,872
0.51,SI2,F,Very Good,914
1.12,SI1,J,Ideal,4474
1.2,SI2,I,Ideal,5372
0.91,SI1,F,Good,3913
0.34,SI2,F,Ideal,483
0.53,VS2,D,Ideal,1847
0.41,VVS1,G,Very Good,821
0.5,VVS1,I,Good,1049
0.56,SI1,I,Ideal,1378
0.7,SI2,E,Very Good,1737
1.25,SI2,J,Very Good,5198
1.01,VVS1,F,Astor Ideal,6913
0.5,SI2,I,Ideal,1049
1.37,VS1,D,Ideal,15277
1.2,SI1,H,Ideal,6385
0.5,VS2,I,Very Good,1184
0.34,VS2,G,Ideal,566
0.46,VVS1,H,Good,825
0.31,VVS2,F,Very Good,508
2.01,VVS1,F,Very Good,28117
0.31,SI1,D,Ideal,516
1.02,SI1,G,Very Good,3278
0.33,VS1,E,Ideal,611
1,VS1,D,Very Good,8762
0.5,VS2,I,Ideal,1313
0.7,VS1,F,Good,2484
0.5,SI1,F,Very Good,1285
0.31,SI2,F,Very Good,403
1.04,SI1,D,Good,4167
0.5,VS2,F,Very Good,1393
0.51,VS2,F,Very Good,954
0.7,VS1,F,Ideal,2924
0.9,SI2,F,Very Good,1928
0.54,VS1,G,Ideal,1610
1.02,VS2,G,Good,5981
0.7,VS2,F,Good,2301
0.34,SI2,F,Ideal,468
0.57,VS2,F,Ideal,1570
0.35,VS2,H,Ideal,697
0.3,VVS2,F,Ideal,530
0.3,VVS2,G,Ideal,555
0.7,SI1,D,Ideal,2321
1,SI1,H,Good,3883
0.5,VS1,J,Ideal,1137
0.23,VS1,F,Astor Ideal,587
0.5,IF,H,Very Good,1384
0.6,SI2,I,Ideal,1272
2.01,VS2,E,Very Good,22634
0.4,VS2,G,Ideal,871
0.3,VS1,E,Ideal,581
0.62,SI2,J,Ideal,1252
1.02,VS2,F,Very Good,4318
0.3,VS2,H,Very Good,459
0.7,SI1,D,Very Good,2120
0.61,IF,E,Ideal,3280
0.4,VS1,I,Very Good,727
0.33,VS1,G,Very Good,429
1.75,VS2,E,Good,14035
0.31,VS2,H,Ideal,449
0.51,VS2,E,Ideal,1522
1.04,VVS1,G,Good,5301
0.7,SI2,H,Ideal,1742
0.7,VS1,D,Ideal,2928
0.62,VS2,F,Ideal,2056
0.33,VS1,H,Ideal,605
0.79,VVS1,E,Ideal,5036
0.54,IF,I,Ideal,1428
0.35,VVS2,I,Ideal,651
0.24,IF,D,Ideal,716
1.3,VS1,D,Ideal,13851
0.52,VS2,H,Ideal,1543
1.5,VVS1,I,Very Good,8347
1.01,VVS2,D,Very Good,6039
0.3,VVS2,G,Very Good,412
1,VVS2,J,Very Good,3059
5.22,VS2,H,Ideal,118725
0.53,VS2,I,Ideal,1296
1.22,VS1,G,Very Good,7291
1.01,VS2,J,Very Good,2262
0.61,VS1,F,Very Good,2018
0.3,VVS2,I,Ideal,514
0.32,VVS1,E,Ideal,747
0.8,SI1,E,Ideal,2729
0.45,VVS2,G,Ideal,1037
0.54,VVS1,D,Ideal,2443
0.32,VS2,D,Ideal,619
0.53,VS2,D,Astor Ideal,1702
1.01,SI2,D,Good,3102
0.58,VVS2,I,Ideal,1580
0.4,SI2,G,Very Good,565
0.73,SI2,E,Very Good,1690
0.57,VVS1,G,Ideal,1745
1.22,VVS2,G,Ideal,9233
1,VS1,I,Very Good,5145
0.3,SI1,G,Ideal,448
0.7,SI2,F,Ideal,2087
0.72,VS2,G,Ideal,2691
0.4,SI1,H,Very Good,726
0.29,VS2,E,Very Good,546
0.38,VVS2,H,Ideal,728
0.5,VS1,I,Ideal,1265
0.26,VVS1,D,Ideal,685
0.5,VS1,D,Very Good,1454
0.3,VVS2,I,Ideal,528
0.64,VVS2,G,Ideal,2198
0.62,VS2,I,Ideal,1324
0.5,VS2,F,Very Good,1348
2.3,VS1,I,Ideal,21954
0.5,VVS1,I,Ideal,1141
0.5,VVS2,I,Ideal,1278
0.5,SI1,D,Ideal,1658
1.31,VS1,H,Ideal,9039
0.5,VVS2,G,Very Good,1378
0.7,SI1,H,Good,2364
0.81,SI2,G,Very Good,1462
0.77,SI1,D,Ideal,3058
0.36,SI1,F,Ideal,648
2.01,VS2,G,Very Good,18044
0.46,VS2,H,Ideal,1079
1,SI1,H,Ideal,5381
0.36,VVS1,G,Ideal,661
4.36,VS1,D,Ideal,169795
0.41,VS2,G,Ideal,810
0.51,SI2,J,Ideal,876
1.5,VS2,H,Very Good,9628
1.4,VS2,J,Ideal,7265
0.3,SI2,F,Very Good,404
0.61,SI1,I,Astor Ideal,1901
0.5,SI2,F,Very Good,1035
0.5,VVS2,J,Very Good,1208
0.42,SI1,E,Ideal,822
0.32,VVS1,E,Ideal,707
0.3,VVS2,J,Very Good,460
0.3,SI1,F,Ideal,472
0.34,VVS2,G,Ideal,654
2,VS1,I,Ideal,19936
0.5,VS2,D,Ideal,1594
0.51,SI1,H,Ideal,1436
0.55,VS2,F,Ideal,1583
0.46,VS1,J,Very Good,767
0.55,VS2,F,Ideal,1575
0.4,VS2,E,Very Good,846
0.3,VVS2,H,Ideal,545
0.23,VS1,I,Astor Ideal,520
1.5,SI1,G,Very Good,9398
1.9,SI1,E,Very Good,16522
0.7,VVS2,H,Very Good,2306
0.43,IF,D,Ideal,1463
0.35,VVS1,J,Ideal,612
0.24,VVS1,F,Ideal,603
0.51,VVS1,G,Ideal,1599
0.3,SI1,D,Ideal,490
1,SI2,J,Ideal,3705
0.57,VVS2,E,Ideal,1884
0.3,IF,G,Ideal,623
0.5,IF,G,Very Good,1095
0.5,VS1,F,Ideal,1627
0.31,SI2,H,Ideal,411
1,VVS2,D,Very Good,8897
1.05,VVS1,J,Ideal,5069
1,VS1,I,Ideal,5359
5,VVS2,D,Good,152210
0.5,SI1,F,Ideal,1374
0.3,VS1,G,Very Good,529
2.01,SI1,D,Ideal,25241
1.01,VS1,F,Very Good,6376
0.38,SI2,I,Very Good,474
0.51,VVS2,I,Ideal,1315
0.42,SI1,G,Ideal,716
0.51,VVS2,F,Very Good,1394
1,SI2,E,Good,4200
0.8,VS2,D,Very Good,4861
0.3,SI1,I,Very Good,453
0.3,VVS1,F,Very Good,612
0.57,SI1,E,Ideal,1448
0.37,IF,H,Ideal,805
1.1,SI1,D,Ideal,6880
1.01,VS1,E,Astor Ideal,6099
1,SI1,J,Very Good,4514
0.54,VS2,F,Very Good,1324
1.18,SI1,I,Ideal,6260
0.6,SI1,I,Ideal,1371
0.71,SI1,J,Ideal,1852
0.36,SI1,E,Very Good,528
0.58,SI1,D,Ideal,1471
0.3,SI2,I,Very Good,387
0.5,VVS2,D,Ideal,1566
0.37,IF,F,Ideal,915
0.33,VVS2,F,Ideal,673
0.51,SI1,F,Very Good,1029
0.31,SI1,D,Ideal,542
1.05,VS2,J,Ideal,5100
0.9,VVS1,G,Very Good,3631
0.45,SI1,D,Ideal,1041
0.93,VVS1,E,Very Good,5138
0.6,SI1,F,Ideal,1656
0.3,VVS1,I,Ideal,532
0.3,VS2,E,Very Good,459
0.26,IF,D,Ideal,744
0.66,VVS1,F,Ideal,3101
1.81,VS2,F,Ideal,17492
0.43,VVS2,E,Very Good,970
0.3,VS1,I,Ideal,506
1,SI2,H,Ideal,4157
0.35,VVS2,E,Ideal,800
0.45,VS2,H,Good,571
1.05,VS2,H,Ideal,6701
0.3,SI2,G,Ideal,436
0.5,VS2,G,Very Good,1313
0.25,VVS1,G,Ideal,539
0.7,VS1,D,Very Good,2339
0.7,SI2,E,Good,1737
0.54,SI1,J,Astor Ideal,1001
0.51,SI2,I,Very Good,774
0.5,VVS1,G,Very Good,871
0.33,VVS1,D,Ideal,829
0.33,IF,E,Ideal,846
0.72,SI2,G,Very Good,1819
3.01,VVS1,H,Ideal,54674
1.28,VVS1,F,Ideal,11361
1.23,SI2,D,Very Good,6418
0.7,VS1,D,Ideal,2599
0.26,VS1,D,Ideal,692
1.01,VS1,G,Very Good,4150
2.5,VVS1,G,Ideal,46069
1.02,SI1,G,Ideal,6368
0.29,FL,D,Ideal,1072
1.51,VS1,F,Very Good,10905
0.3,VS1,I,Ideal,494
0.52,VS1,G,Ideal,1715
0.36,VS2,E,Ideal,680
0.51,SI2,E,Very Good,870
0.3,VS2,G,Ideal,493
0.3,VS2,E,Very Good,539
0.5,VVS2,D,Very Good,1146
1.29,VVS1,H,Ideal,9447
0.7,SI2,D,Good,1713
0.7,SI2,J,Very Good,1565
0.31,SI2,D,Ideal,460
2.02,VVS2,H,Very Good,21771
0.46,SI2,H,Ideal,759
0.8,VS2,J,Ideal,2375
0.24,VS1,D,Ideal,541
0.5,VS1,F,Very Good,1376
2.01,VS2,H,Very Good,18373
1.3,VS2,G,Ideal,8810
1.18,VS2,G,Astor Ideal,6299
0.5,SI1,I,Ideal,1194
0.51,SI2,J,Ideal,951
0.3,SI2,F,Very Good,412
2,VS1,E,Very Good,20635
1.71,SI1,H,Ideal,12464
0.31,VVS1,G,Ideal,562
0.3,VVS2,I,Very Good,490
0.3,VVS1,F,Ideal,613
0.72,SI2,F,Ideal,1934
1,SI2,G,Ideal,4456
0.38,SI1,G,Ideal,617
1.2,VVS1,J,Ideal,6428
0.3,SI1,I,Ideal,420
0.31,VS2,E,Ideal,506
0.33,VVS2,F,Ideal,794
5.01,VS1,F,Ideal,193166
0.45,VS2,G,Ideal,1079
1.7,VVS1,F,Ideal,19092
2.02,VVS1,H,Very Good,20670
0.3,VVS2,F,Ideal,548
1.01,SI2,G,Good,3986
0.37,VVS2,E,Very Good,513
0.41,SI1,I,Ideal,768
0.8,VVS2,F,Ideal,4661
1.2,VVS2,G,Ideal,9341
0.5,VS1,G,Ideal,1652
0.49,VVS2,I,Very Good,595
0.3,VVS1,F,Ideal,673
0.4,VS2,D,Ideal,886
0.42,SI2,H,Ideal,612
1.54,SI1,H,Ideal,12492
1,VS2,I,Ideal,5465
0.4,SI1,E,Very Good,609
0.9,SI2,J,Very Good,1850
0.41,VVS1,G,Ideal,977
1.4,VS2,G,Ideal,10153
1.08,SI1,D,Very Good,4040
0.57,VVS1,E,Ideal,2151
0.3,VVS1,D,Ideal,691
0.72,SI2,F,Good,2209
0.34,VS1,H,Ideal,582
0.31,VVS1,I,Ideal,522
1.12,IF,D,Ideal,19584
0.4,SI1,G,Ideal,671
0.7,VS2,F,Ideal,2717
0.34,VVS2,E,Ideal,657
0.93,VVS1,H,Very Good,4231
1,VVS2,F,Ideal,7909
0.7,SI2,G,Very Good,1550
4.06,VS2,I,Ideal,58249
1.6,VVS1,J,Ideal,9420
0.43,SI2,F,Very Good,639
1.14,VVS2,D,Very Good,8961
0.51,VVS1,F,Ideal,1937
0.7,VS1,D,Very Good,2703
0.34,VS1,H,Ideal,608
2.42,VVS2,F,Very Good,22553
0.93,SI1,J,Very Good,2021
1.15,VS1,H,Ideal,6788
1.02,SI1,H,Ideal,4981
0.51,VVS2,F,Very Good,1202
0.55,VVS1,G,Very Good,1206
1.63,SI1,F,Very Good,10571
0.5,SI2,G,Very Good,711
0.91,SI1,D,Very Good,2466
0.81,VS1,E,Very Good,3535
1,IF,D,Ideal,11532
0.5,IF,F,Very Good,1473
1.1,SI1,D,Ideal,7849
1.9,SI2,I,Ideal,11843
1.6,VS1,J,Ideal,9415
0.5,SI2,E,Good,832
1.01,SI1,J,Good,1952
0.45,VS1,G,Ideal,1114
0.3,VS1,E,Ideal,596
0.3,VS1,H,Ideal,563
4.02,SI2,F,Ideal,38916
0.62,VS1,D,Ideal,2164
1.83,VVS1,H,Ideal,18186
0.5,VS2,F,Ideal,1474
0.31,VVS1,I,Ideal,509
0.57,VVS2,J,Ideal,1341
0.3,VVS1,J,Ideal,463
0.7,VS1,E,Very Good,2847
1.96,VS2,I,Very Good,11138
0.4,SI2,G,Ideal,744
0.58,VS1,I,Ideal,1467
2.28,SI1,G,Ideal,21257
0.4,SI1,H,Ideal,670
1.51,VS1,F,Ideal,16669
2.2,VVS1,D,Very Good,29101
1.64,IF,D,Ideal,32604
0.9,VS1,H,Very Good,2805
0.33,SI1,F,Ideal,555
0.54,VS2,H,Ideal,1493
0.5,SI1,G,Very Good,1269
0.33,VVS2,I,Ideal,441
0.82,VS1,D,Very Good,4910
0.5,VS1,I,Ideal,1386
0.55,VS1,G,Ideal,1640
0.5,VS1,H,Ideal,1391
0.36,SI2,J,Ideal,459
0.81,VS1,E,Very Good,3476
0.5,VS1,F,Ideal,1360
0.51,VS1,G,Very Good,856
1.4,SI1,E,Ideal,10903
0.3,VS2,E,Ideal,575
0.36,VVS1,J,Ideal,629
0.6,VS1,D,Ideal,2212
1.41,SI2,D,Ideal,10133
0.5,SI2,F,Very Good,854
0.5,VS1,D,Good,1781
3.01,VS1,G,Very Good,49304
0.25,VS2,E,Ideal,486
0.54,VS2,F,Ideal,1548
0.79,IF,H,Very Good,3262
0.4,VVS2,I,Ideal,755
0.6,VS1,E,Very Good,1765
2.01,SI1,F,Very Good,15351
0.7,VVS2,D,Very Good,2528
0.3,VVS2,H,Good,529
0.35,VS2,E,Ideal,661
0.35,VVS2,F,Ideal,713
0.4,VVS1,J,Ideal,771
0.61,VS2,G,Astor Ideal,1682
0.24,VS1,D,Very Good,322
2.08,SI1,E,Very Good,21563
0.3,IF,I,Very Good,522
0.31,SI2,F,Ideal,388
0.4,VVS2,I,Ideal,911
0.63,VVS1,E,Very Good,2248
0.56,SI1,I,Ideal,1306
0.32,SI1,D,Ideal,538
1.52,VVS1,H,Very Good,9689
0.31,VVS1,E,Ideal,712
0.53,SI2,E,Ideal,1167
0.5,VS1,F,Very Good,1594
1.01,VS2,G,Ideal,6559
1.02,VS2,J,Very Good,3333
0.38,SI2,F,Ideal,695
1.4,FL,F,Very Good,13733
0.5,SI2,G,Very Good,1035
0.51,VS1,I,Ideal,1370
1.99,VS1,D,Very Good,21379
0.3,SI2,G,Very Good,332
1.07,VS1,H,Astor Ideal,8511
0.71,SI2,G,Very Good,2225
1.01,VS2,F,Very Good,5730
0.4,VS1,H,Ideal,782
0.51,VS1,G,Very Good,1732
0.32,VVS1,I,Ideal,566
0.7,VVS2,I,Ideal,2048
0.8,VS2,F,Ideal,3864
0.7,SI2,F,Ideal,1861
0.57,SI1,E,Ideal,1607
0.23,VS1,E,Very Good,376
0.3,SI2,H,Ideal,370
0.5,SI2,F,Very Good,1047
0.41,VS2,G,Ideal,810
1.3,VS2,D,Ideal,11474
0.41,VS1,G,Ideal,1087
0.52,VS1,I,Ideal,1406
3.2,VVS2,G,Very Good,53794
3.01,VS2,H,Very Good,39317
0.4,SI1,D,Ideal,854
0.5,SI2,F,Ideal,1228
0.61,VVS2,I,Ideal,1640
5.02,VVS2,I,Very Good,123311
1.07,VVS2,D,Ideal,11112
0.41,VVS1,D,Ideal,1040
1.01,SI2,G,Very Good,3454
0.35,VS1,I,Ideal,601
0.35,VS1,G,Ideal,631
1.3,VS1,D,Ideal,11348
1.21,VVS2,H,Ideal,8468
2.5,VS1,F,Very Good,23176
0.23,VVS2,F,Ideal,452
0.41,VS2,E,Ideal,935
0.5,VS2,F,Very Good,932
0.6,SI1,I,Ideal,1481
0.5,VVS1,F,Very Good,1425
0.5,SI2,D,Ideal,1014
0.4,SI1,D,Very Good,930
0.3,VVS1,I,Ideal,524
0.5,VS2,E,Ideal,1335
1.17,VS2,D,Ideal,11100
0.71,VS2,H,Ideal,2530
0.33,VS2,D,Ideal,767
0.43,VS2,E,Ideal,936
3.16,SI2,H,Ideal,32272
0.5,VS2,D,Very Good,1329
1.2,SI1,E,Very Good,5972
0.42,SI1,E,Ideal,723
0.5,VS1,E,Ideal,1648
0.31,SI2,E,Ideal,448
1.01,VS2,E,Ideal,7105
0.5,SI1,F,Good,796
0.5,VS1,I,Good,1107
0.33,VVS1,F,Ideal,756
2,SI2,D,Very Good,19204
0.5,VVS1,I,Very Good,1300
0.34,VS1,H,Ideal,739
1.04,SI2,H,Ideal,5413
0.4,VS1,J,Ideal,744
0.5,VS1,H,Good,1017
0.3,SI2,F,Ideal,378
0.32,VVS2,D,Ideal,722
0.54,SI1,D,Ideal,1475
2.32,VVS2,D,Ideal,53202
0.5,VS2,F,Ideal,1358
1,SI2,E,Good,4980
1.4,SI1,D,Ideal,10729
0.25,VS2,F,Ideal,521
1.02,IF,E,Ideal,11027
0.5,VS1,E,Ideal,1594
0.7,SI1,F,Ideal,2591
0.37,VS2,G,Ideal,641
0.45,VS1,J,Good,1137
0.5,VVS1,I,Ideal,1449
0.4,VS1,G,Very Good,788
0.52,VVS1,G,Ideal,1563
0.93,IF,H,Ideal,6246
0.46,SI1,F,Ideal,841
0.51,VVS2,J,Ideal,1247
1.01,VVS2,D,Very Good,6515
0.5,SI1,D,Ideal,1423
0.75,SI2,F,Very Good,1988
1.02,VVS1,D,Ideal,8246
0.3,SI1,H,Ideal,479
1,SI2,E,Ideal,4491
0.5,VS1,I,Ideal,1293
0.31,VS2,E,Ideal,571
0.5,VS2,F,Ideal,1485
0.5,SI1,E,Very Good,1296
0.71,SI1,E,Ideal,2460
3.01,VVS1,H,Very Good,35911
0.72,VVS2,E,Very Good,2654
1.3,VVS2,F,Ideal,11693
0.4,VS1,F,Ideal,1134
0.52,VVS1,D,Ideal,2142
4.03,SI1,E,Ideal,63612
0.7,VS1,F,Very Good,2462
0.9,VS2,H,Very Good,3907
0.38,VVS1,F,Ideal,1045
0.71,VVS1,F,Ideal,3005
0.46,VVS1,D,Ideal,1354
0.24,IF,I,Ideal,405
1,SI2,G,Ideal,4970
0.69,VS2,D,Good,2544
0.42,IF,H,Ideal,949
0.4,VS1,G,Very Good,827
0.55,VVS1,H,Ideal,1553
1,SI2,D,Good,3989
0.5,VS2,J,Good,1023
5.07,VS1,E,Ideal,265591
0.51,VS1,E,Very Good,1258
1.6,SI1,G,Ideal,13811
1.46,IF,J,Ideal,8834
0.7,VS2,J,Very Good,1507
0.4,VVS1,J,Ideal,747
0.5,SI1,G,Ideal,1261
0.52,VVS2,J,Ideal,1135
0.9,IF,G,Very Good,3654
0.5,VS2,H,Very Good,916
1.5,SI1,G,Very Good,9003
0.23,VVS1,F,Ideal,437
0.3,VVS1,H,Ideal,502
0.3,SI1,I,Very Good,450
1.53,VS1,H,Ideal,13675
2.01,VVS1,H,Very Good,15249
0.59,IF,I,Ideal,1550
0.51,VS2,I,Ideal,1308
4.01,VS2,I,Ideal,55815
0.51,VS1,G,Very Good,1240
0.32,VS1,E,Ideal,612
0.71,VS1,G,Good,1903
0.3,VS2,G,Very Good,500
0.35,VVS2,D,Ideal,838
0.3,VS2,G,Ideal,472
3.17,VS1,J,Ideal,31110
0.33,IF,I,Ideal,622
0.46,VVS2,G,Ideal,1290
0.81,SI1,J,Very Good,1756
0.31,SI1,E,Ideal,546
2.27,SI1,I,Ideal,18806
1,SI2,G,Ideal,4784
0.53,SI1,F,Ideal,1633
2.06,VS2,F,Very Good,20459
1.54,SI1,F,Very Good,9333
0.24,VVS2,F,Ideal,567
0.4,VVS2,D,Ideal,1262
0.34,SI1,F,Ideal,585
1.01,SI2,E,Very Good,3890
0.5,SI2,I,Ideal,1035
0.5,VS1,D,Very Good,1555
0.7,SI1,H,Very Good,1844
0.5,VS1,D,Ideal,1622
0.5,SI1,D,Ideal,1423
3.01,VVS2,D,Very Good,52663
0.4,VVS1,F,Very Good,978
1,SI2,D,Good,4401
0.5,VS1,F,Ideal,1468
2.02,SI2,H,Very Good,15294
0.4,VS1,F,Very Good,814
1.04,VS2,D,Very Good,6768
0.97,VS2,F,Very Good,4682
0.5,SI1,E,Ideal,1245
0.3,VVS1,E,Ideal,700
0.5,SI1,E,Ideal,1397
1.01,VVS1,E,Very Good,7464
0.53,VVS2,E,Ideal,1983
1,VVS2,F,Ideal,7475
0.9,VS2,J,Very Good,3037
0.38,VS2,G,Ideal,770
1,SI1,F,Good,4023
0.23,VVS2,I,Ideal,354
0.53,SI1,G,Ideal,1415
0.5,VVS1,I,Ideal,1199
1.8,VS1,J,Ideal,11419
1.73,SI1,G,Very Good,12386
0.5,VVS2,G,Ideal,1527
1.01,SI2,H,Very Good,3707
0.33,VS2,H,Ideal,593
0.57,VS1,I,Ideal,1367
0.3,SI2,I,Ideal,386
0.34,VVS2,J,Ideal,610
0.52,VVS2,D,Ideal,2144
0.5,VS2,I,Very Good,725
0.51,VS2,F,Ideal,1504
0.55,VS1,G,Very Good,1165
2.03,VS1,D,Ideal,33993
0.79,VVS1,H,Very Good,2825
0.4,SI2,E,Ideal,618
0.33,VVS1,G,Ideal,620
0.47,VS1,G,Very Good,870
0.51,SI1,D,Ideal,1422
1.06,IF,F,Ideal,8867
0.3,VVS2,I,Ideal,548
0.24,VS2,D,Ideal,493
1,VS1,E,Ideal,6417
0.7,SI1,F,Very Good,2178
0.3,VS1,F,Ideal,538
1.01,VS1,E,Very Good,6406
0.83,VS2,D,Very Good,2750
0.5,VVS1,G,Very Good,1337
1.57,VS1,J,Ideal,8820
0.4,VS1,E,Ideal,871
0.33,SI1,F,Ideal,507
0.3,VS2,D,Ideal,560
1,SI2,G,Very Good,2681
1.07,VS1,D,Ideal,9086
1.9,SI1,F,Ideal,19092
0.91,SI1,D,Ideal,5088
0.95,SI1,F,Good,4382
0.31,IF,H,Very Good,571
1.01,VS1,F,Good,5180
1.03,VS1,G,Ideal,6268
0.7,VS1,J,Very Good,1424
0.3,SI1,D,Ideal,553
3,SI1,E,Very Good,44478
1.01,IF,E,Ideal,10385
0.45,VS1,D,Very Good,980
1.21,SI2,J,Good,4556
0.3,VVS1,I,Ideal,596
1,SI1,I,Very Good,4414
1.3,SI1,G,Ideal,7862
0.51,VVS2,D,Ideal,1793
0.55,VS1,I,Good,980
0.35,VS2,F,Ideal,614
0.4,VVS1,H,Ideal,922
0.56,SI1,F,Very Good,1335
0.3,SI1,E,Ideal,525
0.3,VS1,D,Ideal,617
0.5,VVS1,I,Very Good,1284
1.51,VVS1,E,Very Good,17453
0.52,VVS2,F,Astor Ideal,2409
0.41,VS1,D,Ideal,1006
0.5,SI2,F,Very Good,844
1.03,SI1,F,Ideal,6358
1.8,VVS1,I,Ideal,14185
1.7,VS1,E,Ideal,19894
0.9,VVS1,E,Very Good,5579
1,SI2,I,Very Good,3392
0.39,VVS1,E,Good,617
0.6,VVS2,E,Very Good,1932
0.31,VVS2,I,Ideal,545
0.4,VVS1,E,Very Good,889
0.59,SI2,G,Ideal,1238
1.01,VS1,F,Ideal,8714
0.36,VVS2,G,Ideal,680
0.31,SI1,F,Ideal,502
0.71,VVS2,G,Ideal,2649
2.01,VS1,G,Ideal,26564
0.75,VVS2,F,Very Good,3479
0.55,SI2,H,Ideal,1129
1,VS2,G,Ideal,6978
0.7,SI1,H,Good,2364
0.3,VVS1,J,Ideal,493
0.31,VS1,H,Ideal,564
1.79,SI2,I,Very Good,9913
0.8,VS1,G,Ideal,3853
0.4,SI1,G,Ideal,686
0.9,VS1,I,Very Good,3226
0.59,VS2,F,Very Good,1034
1.25,VVS1,I,Ideal,6968
3.01,VVS2,J,Ideal,31728
0.4,SI1,G,Ideal,667
0.3,SI2,H,Very Good,502
1.5,SI1,H,Very Good,9128
0.33,VVS1,F,Ideal,623
4.03,VS2,E,Good,109744
0.3,SI2,F,Ideal,366
0.42,VVS2,I,Ideal,677
0.5,VVS1,D,Good,1392
3.01,VS1,I,Very Good,34917
0.42,SI2,I,Ideal,647
1,VS2,H,Ideal,6098
0.56,VS1,F,Ideal,1631
0.5,VS2,G,Good,1212
0.32,VS2,D,Ideal,650
0.65,IF,F,Ideal,3263
3.12,VS2,E,Very Good,63038
0.3,VS2,E,Very Good,434
1.01,SI1,D,Ideal,6324
0.5,VVS2,F,Very Good,1065
1.01,VVS2,H,Very Good,4646
1.01,SI1,J,Very Good,3707
1.09,VS2,I,Ideal,6204
2.01,SI1,E,Ideal,18772
0.51,VS2,H,Ideal,1367
0.51,SI1,F,Very Good,1013
1,VS1,J,Ideal,5028
1.01,VVS2,F,Ideal,6842
1.71,VS1,E,Ideal,20009
0.7,SI1,F,Very Good,2082
0.7,SI1,D,Ideal,2322
0.82,VS2,E,Very Good,2998
1.05,VS1,F,Ideal,8756
0.3,SI1,I,Very Good,407
0.53,VVS1,F,Ideal,1940
0.57,VVS2,I,Ideal,1385
0.3,SI1,E,Very Good,477
0.7,SI1,F,Very Good,2136
1.52,SI1,G,Very Good,8996
0.5,VS1,E,Very Good,1480
0.7,VS2,E,Very Good,2026
0.32,VVS2,J,Ideal,534
0.3,VS2,G,Very Good,435
0.57,SI1,H,Ideal,1494
0.4,VVS2,E,Ideal,950
1,SI1,I,Very Good,3259
1.06,VVS1,F,Ideal,9616
1.02,SI1,G,Ideal,5791
0.7,VVS2,E,Very Good,2545
1,VS1,D,Ideal,9018
0.5,VVS1,I,Good,1120
0.3,SI2,H,Very Good,435
2,VS2,E,Ideal,26150
1.01,SI1,D,Very Good,5477
0.5,SI2,G,Very Good,1064
0.55,VS1,J,Ideal,1246
0.27,VS1,E,Very Good,757
4.23,VVS2,I,Very Good,71628
1.25,SI1,F,Ideal,7066
0.6,SI1,G,Ideal,1991
1.21,SI1,F,Ideal,7865
1.01,SI2,G,Ideal,4995
0.3,VS1,D,Ideal,550
2.22,VVS2,F,Ideal,37216
1.11,SI2,D,Very Good,4224
0.32,VVS1,F,Ideal,615
0.3,SI2,D,Ideal,436
0.5,VS2,J,Ideal,1097
0.54,IF,I,Ideal,1419
0.5,SI1,E,Ideal,1397
0.3,SI2,G,Ideal,410
0.3,VVS1,I,Ideal,524
0.24,VVS2,F,Ideal,573
0.25,SI2,F,Very Good,328
0.34,VS1,F,Ideal,654
0.4,VVS1,D,Very Good,908
0.63,SI1,D,Ideal,1655
0.33,VS1,D,Ideal,672
0.51,SI2,I,Very Good,987
0.3,SI1,I,Ideal,418
0.3,VVS2,D,Ideal,589
0.35,SI1,F,Astor Ideal,595
0.7,SI1,F,Very Good,2212
1,VS2,F,Ideal,6931
0.5,VS1,G,Very Good,1254
1.2,SI2,E,Very Good,5643
0.7,VS1,J,Very Good,1891
1,VS1,J,Ideal,4669
0.5,SI1,G,Ideal,1271
0.26,VVS1,E,Ideal,600
0.24,SI1,G,Ideal,371
0.4,VVS2,D,Very Good,838
0.31,SI1,I,Ideal,424
0.24,VS1,E,Ideal,395
4.71,VVS1,D,Ideal,192351
0.61,VS2,H,Ideal,2174
1.01,SI1,H,Very Good,4468
0.3,SI2,G,Ideal,408
0.31,SI1,F,Ideal,488
0.58,VVS1,H,Ideal,2080
0.54,VVS2,G,Ideal,1679
0.35,VS1,F,Ideal,648
0.3,VS2,G,Very Good,522
0.51,SI1,I,Ideal,1230
1.51,SI1,H,Ideal,9920
0.5,SI1,D,Ideal,1283
0.3,SI2,I,Very Good,387
0.32,SI2,F,Ideal,443
0.51,VVS1,G,Very Good,1139
0.56,VVS2,F,Astor Ideal,2594
0.3,SI1,I,Good,426
2.5,SI2,I,Ideal,20213
0.91,SI1,J,Very Good,2256
0.5,VS1,H,Good,1560
1,SI1,G,Good,4412
5.01,VS1,H,Ideal,131045
5,VS1,D,Very Good,128694
1.02,SI1,E,Ideal,5833
0.4,VS2,I,Ideal,691
0.79,VS2,I,Ideal,2798
1.7,SI1,H,Ideal,12240
0.33,VVS1,G,Ideal,616
0.4,VVS2,I,Very Good,684
1,VVS2,D,Good,6673
